{"cameraMode":{"drawMode":0,"name":"Shaded","section":"Shading Mode"},"sceneLighting":true,"audioPlay":false,"sceneViewState":{"m_AlwaysRefresh":false,"showFog":true,"showSkybox":true,"showFlares":true,"showImageEffects":true,"showParticleSystems":true,"showVisualEffectGraphs":true,"m_FxEnabled":true},"in2DMode":false,"pivot":{"x":-1.2908978462219239,"y":-8.535675048828125,"z":-0.13275814056396485},"rotation":{"x":0.5796531438827515,"y":0.12106874585151673,"z":-0.08760415762662888,"w":0.8010552525520325},"size":14.648859024047852,"orthographic":false}